{"cameraMode":{"drawMode":0,"name":"Shaded","section":"Shading Mode"},"sceneLighting":true,"audioPlay":false,"sceneViewState":{"m_AlwaysRefresh":false,"showFog":true,"showSkybox":true,"showFlares":true,"showImageEffects":true,"showParticleSystems":true,"showVisualEffectGraphs":true,"m_FxEnabled":true},"in2DMode":false,"pivot":{"x":0.13343635201454163,"y":1.2246073484420777,"z":0.5291906595230103},"rotation":{"x":-0.011125476099550724,"y":0.9716269373893738,"z":-0.046673934906721118,"w":-0.2316035032272339},"size":1.0145906209945679,"orthographic":true}