{"cameraMode":{"drawMode":0,"name":"Shaded","section":"Shading Mode"},"sceneLighting":true,"audioPlay":false,"sceneViewState":{"m_AlwaysRefresh":false,"showFog":true,"showSkybox":true,"showFlares":true,"showImageEffects":true,"showParticleSystems":true,"showVisualEffectGraphs":true,"m_FxEnabled":true},"in2DMode":false,"pivot":{"x":-1.8760888576507569,"y":0.5840817093849182,"z":0.00017189979553222656},"rotation":{"x":-0.003146116156131029,"y":0.996309757232666,"z":-0.0418696254491806,"w":-0.07486367225646973},"size":3.376608371734619,"orthographic":true}