{"cameraMode":{"drawMode":0,"name":"Shaded","section":"Shading Mode"},"sceneLighting":true,"audioPlay":false,"sceneViewState":{"m_AlwaysRefresh":false,"showFog":true,"showSkybox":true,"showFlares":true,"showImageEffects":true,"showParticleSystems":true,"showVisualEffectGraphs":true,"m_FxEnabled":true},"in2DMode":false,"pivot":{"x":-1.8760888576507569,"y":0.5840817093849182,"z":0.00017189979553222656},"rotation":{"x":-0.0013223853893578053,"y":0.9986228346824646,"z":-0.04196683689951897,"w":-0.03146703541278839},"size":1.6152617931365967,"orthographic":true}