{"cameraMode":{"drawMode":0,"name":"Shaded","section":"Shading Mode"},"sceneLighting":false,"audioPlay":false,"sceneViewState":{"m_AlwaysRefresh":false,"showFog":true,"showSkybox":false,"showFlares":true,"showImageEffects":true,"showParticleSystems":true,"showVisualEffectGraphs":true,"m_FxEnabled":true},"in2DMode":false,"pivot":{"x":-0.04150000214576721,"y":0.02000001072883606,"z":0.08649998903274536},"rotation":{"x":0.001490735448896885,"y":0.9979647397994995,"z":-0.058447737246751788,"w":0.025453630834817888},"size":1.2172857522964478,"orthographic":true}